,,MILK,,,,,EGGS,,,,,RED MEAT,,,,,POULTRY,,,,,STARCHY VEGETABLES,,,,,FISH & SEAFOOD,,,,,VEGETABLES,,,,,FRUIT,,,,,LEGUMES & PULSES,,,,,WHOLE GRAINS,,,,,NUTS,,,,,,
,,https://docs.google.com/spreadsheets/d/1fOAVtnC9Lamg3OwHV32IVsY-Ddum88g-3HALPe4BcHk/edit#gid=278328832,,,,,https://docs.google.com/spreadsheets/d/1fOAVtnC9Lamg3OwHV32IVsY-Ddum88g-3HALPe4BcHk/edit#gid=1286927044,,,,,https://docs.google.com/spreadsheets/d/1fOAVtnC9Lamg3OwHV32IVsY-Ddum88g-3HALPe4BcHk/edit#gid=619456874,,,,,https://docs.google.com/spreadsheets/d/1fOAVtnC9Lamg3OwHV32IVsY-Ddum88g-3HALPe4BcHk/edit#gid=1250427895,,,,,https://docs.google.com/spreadsheets/d/1fOAVtnC9Lamg3OwHV32IVsY-Ddum88g-3HALPe4BcHk/edit#gid=651659921,,,,,https://docs.google.com/spreadsheets/d/1fOAVtnC9Lamg3OwHV32IVsY-Ddum88g-3HALPe4BcHk/edit#gid=504955516,,,,,https://docs.google.com/spreadsheets/d/1fOAVtnC9Lamg3OwHV32IVsY-Ddum88g-3HALPe4BcHk/edit#gid=305498588,,,,,https://docs.google.com/spreadsheets/d/1fOAVtnC9Lamg3OwHV32IVsY-Ddum88g-3HALPe4BcHk/edit#gid=254233001,,,,,https://docs.google.com/spreadsheets/d/1fOAVtnC9Lamg3OwHV32IVsY-Ddum88g-3HALPe4BcHk/edit#gid=705662649,,,,,https://docs.google.com/spreadsheets/d/1fOAVtnC9Lamg3OwHV32IVsY-Ddum88g-3HALPe4BcHk/edit#gid=1256257963,,,,,https://docs.google.com/spreadsheets/d/1fOAVtnC9Lamg3OwHV32IVsY-Ddum88g-3HALPe4BcHk/edit#gid=171821835,,,,,,
TOTAL,,kg/per person/year,% per person,total pop,,,,% per person,total pop,,,,% per person,total pop,,,,% per person,total pop,,,,% per person,total pop,,,2399.26,% per person,total pop,,,13703.7,% per person,total pop,,,11913.58,% per person,total pop,,,1268.85,% per person,total pop,,,kg/per person/year,% per person,total pop,,,,% per person,total pop,,,,population
,ALL FOODS,16764,100.00%,"493,283",100.00%,,1033.45,100.00%,"66,472",100.00%,,4105.21,100.00%,"186,964",100.00%,,2504.81,100.00%,"103,094",100.00%,,10362.06,100.00%,"380,712",100.00%,,2399.26,100.00%,"131,395",100.00%,,13703.7,100.00%,"939,693",100.00%,,11913.58,100.00%,"498,571",100.00%,,1268.85,100.00%,"67,654",100.00%,,21353.39,100.00%,"1,073,668",100.00%,,275.41,100.00%,"14,534",100.00%,,,
SUB SAHARAN AFRICA,17829,1550,9.25%,19132,3.88%,,61.53,5.95%,1080,1.62%,,442.12,10.77%,5353,2.86%,,303.03,12.10%,3303,3.20%,,4798.35,46.31%,91789,24.11%,,477.3,19.89%,5694,4.33%,,1642.9,11.99%,28930,3.08%,,2628.14,22.06%,35977,7.22%,,558.59,44.02%,9499,14.04%,,5340.06,25.01%,80126,7.46%,,27.04,9.82%,447,3.07%,,,"643,782,928"
average kg / y for region,,38.76,,,,,,,,,,,,,,,,,,,,,,,,,,,,,,,,,,,,,,,,,,,,,,,,,,,,,,,,
% breakdown,100.00%,8.70%,,,,,0.35%,,,,,2.48%,,,,,1.70%,,,,,26.91%,,,,,2.68%,,,,,9.21%,,,,,14.74%,,,,,3.13%,,,,,29.95%,,,,,0.15%,,,,,,
Angola,,12.3,,149,,,0.67,,8,,,11.93,,145,,,11.76,,143,,,248.22,,3010,,,20.22,,245,,,26.31,,319,,,90.34,,1096,,,12.58,,153,,,95.72,,1161,,,0.08,,1,,,,"12,127,071"
Benin,,8.4,,66,,,1.02,,8,,,5.72,,45,,,9.95,,78,,,277.03,,2178,,,17.6,,138,,,60.21,,473,,,49.62,,390,,,19.42,,153,,,148.59,,1168,,,4.85,,38,,,,"7,862,944"
Botswana,,117.74,,193,,,1.5,,2,,,21.15,,35,,,3.93,,6,,,54.29,,89,,,3.8,,6,,,43.4,,71,,,66.11,,108,,,4.1,,7,,,120.6,,198,,,0.09,,0,,,,"1,639,833"
Burkina Faso,,29.79,,414,,,2.4,,33,,,10.81,,150,,,2.41,,34,,,5.2,,72,,,7.06,,98,,,15,,209,,,6.4,,89,,,33.03,,459,,,161.46,,2245,,,0.29,,4,,,,"13,902,972"
Burundi,,,,0,,,,,0,,,,,0,,,,,0,,,0,,0,,,0,,0,,,,,0,,,,,0,,,0,,0,,,0,,0,,,0,,0,,,,"8,090,068"
Cameroon,,15.27,,265,,,0.35,,6,,,8.92,,155,,,3.19,,55,,,156.27,,2710,,,18.06,,313,,,121.15,,2101,,,112.25,,1946,,,33.4,,579,,,139.62,,2421,,,2.05,,36,,,,"17,340,702"
Cape Verde,,115.64,,49,,,4.82,,2,,,,,0,,,17.5,,7,,,,,0,,,11.1,,5,,,69.48,,29,,,80.18,,34,,,13.28,,6,,,159.95,,67,,,0.27,,0,,,,"420,979"
Central African Republic,,13.53,,58,,,0.49,,2,,,33.16,,143,,,2.02,,9,,,265.27,,1142,,,7.73,,33,,,18.47,,79,,,48.24,,208,,,8.9,,38,,,24.03,,103,,,0.01,,0,,,,"4,303,356"
Chad,,20.63,,205,,,0.34,,3,,,10.88,,108,,,0.45,,4,,,57.5,,572,,,7.18,,71,,,6.28,,62,,,8.51,,85,,,17.4,,173,,,125.21,,1245,,,0,,0,,,,"9,944,201"
Congo  ,,10.69,,40,,,0.56,,2,,,13.92,,52,,,24.54,,91,,,270.35,,1001,,,29.34,,109,,,31.27,,116,,,65.21,,241,,,5.67,,21,,,85.83,,318,,,0.01,,0,,,,"3,702,314"
CÃ´te d'Ivoire,,6.36,,112,,,2.05,,36,,,8.5,,150,,,1.8,,32,,,297.07,,5245,,,17.97,,317,,,36.29,,641,,,77,,1359,,,5.64,,100,,,149.19,,2634,,,2.78,,49,,,,"17,654,843"
Djibouti,,59.81,,29,,,1.1,,1,,,12.65,,6,,,3.24,,2,,,16.05,,8,,,3.69,,2,,,84.26,,41,,,44.61,,22,,,13.18,,6,,,173.68,,85,,,0.01,,0,,,,"486,530"
Equatorial Guinea,,,,0,,,,,0,,,,,0,,,,,0,,,,,0,,,0,,0,,,,,0,,,,,0,,,0,,0,,,0,,0,,,0,,0,,,,"540,109"
Eritrea,,,,0,,,,,0,,,,,0,,,,,0,,,,,0,,,0,,0,,,,,0,,,,,0,,,0,,0,,,0,,0,,,0,,0,,,,"4,786,994"
Ethiopia,,44.14,,3301,,,0.43,,32,,,6.39,,478,,,0.69,,52,,,73.35,,5485,,,0.44,,33,,,13.35,,998,,,7.13,,533,,,20,,1496,,,163.33,,12213,,,0.47,,35,,,,"74,777,981"
Gabon,,30.16,,43,,,0.96,,1,,,27.41,,39,,,29.64,,42,,,160.3,,228,,,30.94,,44,,,32.86,,47,,,152.32,,217,,,13.6,,19,,,127,,181,,,0.04,,0,,,,"1,424,906"
The Gambia,,45.71,,75,,,1.41,,2,,,4.68,,8,,,3.79,,6,,,6.53,,11,,,27.53,,45,,,17.26,,28,,,8.63,,14,,,17.93,,29,,,139.4,,229,,,0.76,,1,,,,"1,641,564"
Ghana,,9.08,,203,,,1.2,,27,,,6.2,,139,,,9.06,,203,,,443.56,,9940,,,25.51,,572,,,28.67,,642,,,196.19,,4397,,,8.14,,182,,,87.66,,1964,,,0.77,,17,,,,"22,409,572"
Guinea,,20.62,,200,,,1.86,,18,,,10.39,,101,,,2.2,,21,,,133.86,,1297,,,10.09,,98,,,49.99,,484,,,86.68,,840,,,10.86,,105,,,207.6,,2012,,,0.02,,0,,,,"9,690,222"
Guinea-Bissau,,19.88,,29,,,0.81,,1,,,13.84,,20,,,2.2,,3,,,62.39,,90,,,1.3,,2,,,18.45,,27,,,52.1,,75,,,4.52,,7,,,159.09,,229,,,3.36,,5,,,,"1,442,029"
Kenya,,94.86,,3292,,,1.33,,46,,,14.96,,519,,,0.61,,21,,,66.41,,2305,,,3.98,,138,,,39.95,,1387,,,54.79,,1902,,,17.14,,595,,,139.72,,4849,,,0.59,,20,,,,"34,707,817"
Lesotho,,25.35,,51,,,0.93,,2,,,20.77,,42,,,7.84,,16,,,56.74,,115,,,1.84,,4,,,26.04,,53,,,28.24,,57,,,4.83,,10,,,172.48,,349,,,0.02,,0,,,,"2,022,331"
Liberia,,3.04,,9,,,1.21,,4,,,7.36,,22,,,14.69,,45,,,118,,359,,,5.88,,18,,,24.03,,73,,,43.48,,132,,,2.66,,8,,,126.97,,386,,,0.56,,2,,,,"3,042,004"
Madagascar,,24.84,,462,,,0.65,,12,,,10.24,,190,,,3.05,,57,,,119.14,,2215,,,5.29,,98,,,15.93,,296,,,45.74,,851,,,1.31,,24,,,178.75,,3324,,,0.12,,2,,,,"18,595,469"
Malawi,,7.98,,104,,,1.13,,15,,,9.34,,122,,,3.35,,44,,,142.04,,1848,,,9.5,,124,,,54.23,,706,,,62.32,,811,,,29.2,,380,,,139,,1809,,,0.11,,1,,,,"13,013,926"
Mali,,98.68,,1156,,,0.71,,8,,,18.34,,215,,,2.47,,29,,,28.89,,338,,,9.34,,109,,,90.32,,1058,,,28.7,,336,,,13.07,,153,,,173.1,,2028,,,3.14,,37,,,,"11,716,829"
Mauritania,,160.82,,511,,,2.32,,7,,,25.92,,82,,,5.14,,16,,,9.63,,31,,,9.16,,29,,,36.35,,115,,,11.34,,36,,,9.79,,31,,,200.83,,638,,,0,,0,,,,"3,177,388"
Mauritius,,117.27,,146,,,6.4,,8,,,13.18,,16,,,39.59,,49,,,34.25,,42,,,23.07,,29,,,72.69,,90,,,66.93,,83,,,11.98,,15,,,173.7,,216,,,0.35,,0,,,,"1,240,827"
Mozambique,,4.79,,94,,,1.95,,38,,,5.84,,115,,,3.8,,75,,,275.91,,5432,,,11.46,,226,,,28,,551,,,26.04,,513,,,9.53,,188,,,98.95,,1948,,,2.3,,45,,,,"19,686,505"
Namibia,,73.05,,149,,,1.36,,3,,,21.2,,43,,,9.91,,20,,,126.88,,259,,,11.56,,24,,,26.87,,55,,,72.82,,149,,,8.59,,18,,,114.02,,233,,,0.1,,0,,,,"2,044,147"
Niger,,58.92,,738,,,0.24,,3,,,7.56,,95,,,1.11,,14,,,22.73,,285,,,2.03,,25,,,106.52,,1334,,,28.46,,356,,,51.42,,644,,,96.08,,1203,,,0,,0,,,,"12,525,094"
Nigeria,,7.91,,1043,,,2.49,,328,,,6.43,,848,,,1.08,,142,,,276.07,,36403,,,9.12,,1203,,,78.9,,10404,,,56.94,,7508,,,16.53,,2180,,,127.53,,16816,,,0.99,,131,,,,"131,859,731"
Rwanda,,7.23,,63,,,0.39,,3,,,2.66,,23,,,1.28,,11,,,290.13,,2509,,,7.66,,66,,,39.46,,341,,,312.48,,2702,,,42.58,,368,,,46.45,,402,,,0,,0,,,,"8,648,248"
Sao Tome and Principe,,22.58,,4,,,0.69,,0,,,1.23,,0,,,9.66,,2,,,47.23,,9,,,28.03,,5,,,10.53,,2,,,222.3,,43,,,4.25,,1,,,96.75,,19,,,0.01,,0,,,,"193,413"
Senegal,,16.86,,202,,,1.65,,20,,,5.85,,70,,,4.46,,53,,,29.01,,348,,,18.09,,217,,,69.37,,832,,,21.65,,260,,,9.21,,110,,,204.24,,2448,,,0.49,,6,,,,"11,987,121"
Sierra Leone,,7,,42,,,1.41,,8,,,1.46,,9,,,4.14,,25,,,201.67,,1211,,,26.3,,158,,,47.81,,287,,,37.92,,228,,,12.86,,77,,,179.02,,1075,,,1.01,,6,,,,"6,005,250"
Somalia,,,,0,,,,,0,,,,,0,,,,,0,,,0,,0,,,0,,0,,,,,0,,,0,,0,,,0,,0,,,0,,0,,,0,,0,,,,"8,863,338"
South Africa,,55.75,,2463,,,6.61,,292,,,16.73,,739,,,38.57,,1704,,,32.43,,1433,,,5.97,,264,,,41.28,,1824,,,38,,1679,,,5.13,,227,,,180.46,,7974,,,0.14,,6,,,,"44,187,637"
Swaziland / Eswatini,,56.6,,65,,,1.68,,2,,,19.72,,23,,,6.9,,8,,,66.62,,76,,,3.88,,4,,,27.37,,31,,,88.22,,101,,,6.72,,8,,,154.8,,178,,,1.11,,1,,,,"1,148,000"
Tanzania,,40.29,,1509,,,0.35,,13,,,,,0,,,,,0,,,0,,0,,,6.8,,255,,,46.11,,1727,,,77.38,,2898,,,0,,0,,,0,,0,,,0,,0,,,,"37,445,392"
Togo,,7.96,,44,,,0.95,,5,,,1.42,,8,,,7.25,,40,,,188.44,,1046,,,11.73,,65,,,19.26,,107,,,9.55,,53,,,18.22,,101,,,144.09,,800,,,0.05,,0,,,,"5,548,702"
Uganda,,37.27,,1051,,,0.88,,25,,,6.08,,171,,,1.61,,45,,,50.05,,1411,,,11.27,,318,,,28.82,,813,,,117.77,,3321,,,20.58,,580,,,67.66,,1908,,,0,,0,,,,"28,195,754"
Zambia,,9.71,,112,,,2.42,,28,,,10.78,,124,,,3.32,,38,,,69.63,,801,,,12.05,,139,,,24.67,,284,,,10.23,,118,,,16.93,,195,,,137.29,,1579,,,0,,0,,,,"11,502,010"
Zimbabwe,,31.9,,390,,,1.81,,22,,,8.5,,104,,,4.83,,59,,,19.21,,235,,,3.73,,46,,,15.69,,192,,,15.32,,187,,,4.41,,54,,,120.21,,1471,,,0.09,,1,,,,"12,236,805"
,,,,,,,,,,,,,,,,,,,,,,,,,,,,,,,,,,,,,,,,,,,,,,,,,,,,,,,,,,
Middle East & North Africa,8829,1137.38,6.78%,25613,5.19%,,101.48,9.82%,2036,3.06%,,210.45,5.13%,4119,2.20%,,363.47,14.51%,6662,6.46%,,468.51,4.52%,13238,3.48%,,196.06,8.17%,4503,3.43%,,1938.96,14.15%,47656,5.07%,,1532.3,12.86%,35632,7.15%,,124.86,9.84%,2736,4.04%,,2711.81,12.70%,74635,6.95%,,43.52,15.80%,1236,8.51%,,,"389,455,861"
average kg/y for region,,71.09,,,,,,,,,,,,,,,,,,,,,,,,,,,,,,,,,,,,,,,,,,,,,,,,,,,,,,,,
% of all foods,100.00%,12.88%,,,,,1.15%,,,,,2.38%,,,,,4.12%,,,,,5.31%,,,,,2.22%,,,,,21.96%,,,,,17.36%,,,,,1.41%,,,,,30.72%,,,,,0.49%,,,,,,
Algeria,,141.53,,4661,,,8.43,,278,,,4.64,,153,,,6.98,,230,,,67.1,,2210,,,3.86,,127,,,186.08,,6128,,,114.19,,3760,,,7.89,,260,,,218.3,,7189,,,1.54,,51,,,,"32,930,091"
Morocco,,54.68,,1818,,,6.79,,226,,,7.07,,235,,,20.26,,673,,,41.26,,1372,,,19.47,,647,,,102.05,,3392,,,85.31,,2836,,,7.35,,244,,,263.94,,8774,,,3.69,,123,,,,"33,241,259"
Sudan,,155.2,,6400,,,0.74,,31,,,19.55,,806,,,1.6,,66,,,20.47,,844,,,1.03,,42,,,84.49,,3484,,,78.96,,3256,,,14.06,,580,,,137.17,,5656,,,0,,0,,,,"41,236,378"
Tunisia,,114.47,,1165,,,7.79,,79,,,11.05,,112,,,17.34,,176,,,31.38,,319,,,13.16,,134,,,272.58,,2774,,,90.59,,922,,,8.79,,89,,,210.05,,2137,,,5.68,,58,,,,"10,175,014"
Libya,,,,0,,,,,0,,,,,0,,,,,0,,,,,0,,,0,,0,,,,,0,,,,,0,,,0,,0,,,0,,0,,,0,,0,,,,"5,900,754"
Egypt,,41.2,,3250,,,3.45,,272,,,13.38,,1056,,,17.38,,1371,,,35.27,,2782,,,23.69,,1869,,,159.33,,12569,,,102.6,,8094,,,5.81,,458,,,253.45,,19994,,,0.38,,30,,,,"78,887,007"
Iran,,53.8,,3695,,,7.38,,507,,,9.9,,680,,,27.24,,1871,,,56.26,,3864,,,11.73,,806,,,187.98,,12912,,,133.15,,9146,,,7.49,,514,,,196.58,,13503,,,12.12,,833,,,,"68,688,433"
Iraq,,15,,402,,,9.44,,253,,,4.73,,127,,,9.44,,253,,,18.14,,486,,,3.37,,90,,,37.53,,1005,,,45.98,,1231,,,4.49,,120,,,187.26,,5015,,,1.09,,29,,,,"26,783,383"
Israel,,192.4,,1222,,,9.99,,63,,,30.55,,194,,,67.54,,429,,,35.1,,223,,,25.92,,165,,,156.24,,992,,,118.83,,755,,,8.03,,51,,,144.86,,920,,,3.88,,25,,,,"6,352,117"
Jordan,,41.8,,247,,,3.28,,19,,,9.58,,57,,,24.75,,146,,,19.05,,113,,,5.87,,35,,,104.27,,616,,,57.5,,340,,,7.99,,47,,,140.78,,832,,,1.46,,9,,,,"5,906,760"
Kuwait,,47.9,,116,,,18.31,,44,,,22.1,,53,,,47.97,,116,,,37.53,,91,,,11.48,,28,,,178.82,,432,,,108.81,,263,,,6.44,,16,,,157.72,,381,,,1.99,,5,,,,"2,418,393"
Lebanon,,62.5,,242,,,2.13,,8,,,12.16,,47,,,17.83,,69,,,43.18,,167,,,8.73,,34,,,129.43,,501,,,106.28,,412,,,7.65,,30,,,141.9,,550,,,6.85,,27,,,,"3,874,050"
Oman,,108.3,,336,,,8.15,,25,,,21.55,,67,,,20.63,,64,,,24.47,,76,,,28.54,,89,,,154.59,,480,,,229.22,,711,,,4.32,,13,,,131.83,,409,,,0.68,,2,,,,"3,102,229"
Saudi Arabia,,64,,1729,,,6.56,,177,,,10.45,,282,,,35,,946,,,16.36,,442,,,11.33,,306,,,62.31,,1684,,,91.52,,2473,,,6,,162,,,189.55,,5122,,,1.26,,34,,,,"27,019,731"
Syria,,0,,0,,,0,,0,,,,,0,,,0,,0,,,0,,0,,,0,,0,,,,,0,,,,,0,,,0,,0,,,0,,0,,,0,,0,,,,"18,881,361"
UAE,,33.2,,86,,,7.48,,19,,,25.12,,65,,,43.04,,112,,,12.9,,34,,,24.71,,64,,,103.82,,270,,,116.72,,304,,,24.51,,64,,,164.84,,429,,,2.62,,7,,,,"2,602,713"
Yemen,,11.4,,245,,,1.56,,33,,,8.62,,185,,,6.47,,139,,,10.04,,215,,,3.17,,68,,,19.44,,417,,,52.64,,1129,,,4.04,,87,,,173.58,,3724,,,0.28,,6,,,,"21,456,188"
,,,,,,,,,,,,,,,,,,,,,,,,,,,,,,,,,,,,,,,,,,,,,,,,,,,,,,,,,,
South Asia,1868,280,1.67%,73764,14.95%,,11.44,1.11%,4234,6.37%,,27.7,0.67%,4228,2.26%,,10.89,0.43%,3449,3.35%,,188.42,1.82%,39213,10.30%,,35.76,1.49%,8445,6.43%,,263.82,1.93%,95303,10.14%,,170.2,1.43%,68820,13.80%,,45.05,3.55%,19550,28.90%,,830.59,3.89%,224725,20.93%,,4.45,1.62%,1990,13.69%,,,"1,310,898,890"
average kg/y for region,,70.00,,,,,,,,,,,,,,,,,,,,,,,,,,,,,,,,,,,,,,,,,,,,,,,,,,,,,,,,
% of all foods,,14.99%,,,,,0.61%,,,,,1.48%,,,,,0.58%,,,,,10.08%,,,,,1.91%,,,,,14.12%,,,,,9.11%,,,,,2.41%,,,,,44.46%,,,,,0.24%,,,,,,
Bangladesh,,12.3,,264,,,2.85,,61,,,2.7,,58,,,1.59,,34,,,53.27,,1143,,,24.31,,522,,,35.09,,753,,,23.33,,501,,,8.12,,174,,,279.09,,5988,,,0.85,,18,,,,"21,456,188"
India,,38.2,,41842,,,3.25,,3560,,,1.79,,1961,,,2.32,,2541,,,30.1,,32970,,,6.9,,7558,,,79.86,,87475,,,56.35,,61723,,,16.13,,17668,,,171.14,,187459,,,1.67,,1829,,,,"1,095,351,995"
Nepal,,46.5,,1315,,,1.98,,56,,,11.92,,337,,,2.06,,58,,,89.57,,2534,,,2.83,,80,,,128.04,,3622,,,61.17,,1730,,,12.66,,358,,,231.15,,6539,,,1.29,,36,,,,"28,287,147"
Pakistan,,183,,30342,,,3.36,,557,,,11.29,,1872,,,4.92,,816,,,15.48,,2567,,,1.72,,285,,,20.83,,3454,,,29.35,,4866,,,8.14,,1350,,,149.21,,24740,,,0.64,,106,,,,"165,803,560"
,,,,,,,,,,,,,,,,,,,,,,,,,,,,,,,,,,,,,,,,,,,,,,,,,,,,,,,,,,
Europe & Central Asia,37009,10666.79,63.63%,204056,41.37%,,508.82,49.24%,11478,17.27%,,2283.91,55.63%,47752,25.54%,,923.35,36.86%,21496,20.85%,,3123.16,30.14%,69352,18.22%,,892.41,37.20%,16803,12.79%,,6763.38,49.35%,135660,14.44%,,4719.97,39.62%,99762,20.01%,,197.89,15.60%,5184,7.66%,,6796.3,31.83%,151597,14.12%,,133.27,48.39%,3081,21.20%,,,"1,046,254,720"
average kg/y for region,,217.69,,,,,,,,,,,,,,,,,,,,,,,,,,,,,,,,,,,,,,,,,,,,,,,,,,,,,,,,
% of all foods,,28.82%,,,,,1.37%,,,,,6.17%,,,,,2.49%,,,,,8.44%,,,,,2.41%,,,,,18.27%,,,,,12.75%,,,,,0.53%,,,,,18.36%,,,,,0.36%,,,,,,
Albania,,303.72,,1088,,,14.66,,53,,,29.63,,106,,,9.48,,34,,,47.75,,171,,,5.36,,19,,,296.86,,1063,,,142,,509,,,6.23,,22,,,150.44,,539,,,4.38,,16,,,,"3,581,655"
Austria,,258.09,,2115,,,14.69,,120,,,68.08,,558,,,18.51,,152,,,57.14,,468,,,14.09,,115,,,95.21,,780,,,154.11,,1263,,,4.65,,38,,,114.34,,937,,,4.78,,39,,,,"8,192,880"
Belarus,,133.73,,1376,,,14.71,,151,,,55.18,,568,,,28.84,,297,,,182.43,,1878,,,16.28,,168,,,170.84,,1758,,,71.8,,739,,,1.17,,12,,,109.95,,1132,,,2.61,,27,,,,"10,293,011"
Belgium,,236.19,,2451,,,13.18,,137,,,43.2,,448,,,11.51,,119,,,85.91,,892,,,23.01,,239,,,138.49,,1437,,,71.37,,741,,,3.09,,32,,,125.5,,1303,,,2.66,,28,,,,"10,379,067"
Bosnia and Herzegovina,,174.03,,783,,,5.11,,23,,,23.11,,104,,,19.76,,89,,,86.9,,391,,,4.89,,22,,,230.86,,1039,,,106.76,,480,,,8.38,,38,,,169.23,,761,,,1.77,,8,,,,"4,498,976"
Bulgaria,,155.71,,1150,,,8.62,,64,,,37.53,,277,,,22.67,,167,,,27.08,,200,,,7.05,,52,,,90.27,,667,,,70.43,,520,,,4.29,,32,,,131.81,,973,,,1.37,,10,,,,"7,385,367"
Croatia,,231.02,,1038,,,8.06,,36,,,67.43,,303,,,12.36,,56,,,39.13,,176,,,18.74,,84,,,255.12,,1147,,,108.2,,486,,,2.04,,9,,,106.17,,477,,,2.42,,11,,,,"4,494,749"
Czechia,,195.2,,1998,,,8.63,,88,,,61.4,,628,,,22.29,,228,,,64.04,,655,,,9.31,,95,,,78.73,,806,,,65.64,,672,,,3.15,,32,,,102.11,,1045,,,0.81,,8,,,,"10,235,455"
Denmark,,277.3,,2838,,,15.79,,162,,,52.43,,537,,,26.9,,275,,,56.92,,583,,,22.7,,232,,,100.89,,1033,,,121.58,,1244,,,2.23,,23,,,112.17,,1148,,,2.44,,25,,,,"10,235,455"
Estonia,,284.85,,377,,,12.69,,17,,,47,,62,,,22.17,,29,,,64.22,,85,,,14.72,,19,,,102.35,,136,,,81.06,,107,,,5.47,,7,,,101.1,,134,,,1.85,,2,,,,"1,324,333"
Finland,,430.76,,2253,,,8.74,,46,,,58.72,,307,,,19.4,,101,,,57.09,,299,,,33.62,,176,,,84.18,,440,,,95.24,,498,,,2.47,,13,,,111.61,,584,,,1.02,,5,,,,"5,231,372"
France,,241.31,,14690,,,11.53,,702,,,55.99,,3408,,,22.99,,1400,,,49.56,,3017,,,34.37,,2092,,,84.18,,5125,,,114.34,,6961,,,3.03,,184,,,138.55,,8434,,,4.01,,244,,,,"60,876,136"
Germany,,258.7,,21323,,,11.22,,925,,,60.6,,4995,,,18.15,,1496,,,58.73,,4841,,,12.75,,1051,,,95.36,,7860,,,88.46,,7291,,,8.6,,709,,,114.9,,9470,,,3.64,,300,,,,"82,422,299"
Greece,,255.26,,2728,,,8.6,,92,,,53.2,,569,,,20.01,,214,,,55.77,,596,,,19.44,,208,,,149.94,,1603,,,121.52,,1299,,,5.33,,57,,,135.86,,1452,,,13.56,,145,,,,"10,688,058"
Hungary,,159.05,,1588,,,13.61,,136,,,58.48,,584,,,25.46,,254,,,39.56,,395,,,6.3,,63,,,86.99,,868,,,58.38,,583,,,2.47,,25,,,118.75,,1185,,,0.27,,3,,,,"9,981,334"
Iceland,,225.82,,68,,,10.93,,3,,,60.53,,18,,,30.86,,9,,,38.55,,12,,,90.71,,27,,,72.53,,22,,,133.1,,40,,,1.85,,1,,,84.65,,25,,,1.51,,0,,,,"299,388"
Ireland,,291.86,,1186,,,9.13,,37,,,53.48,,217,,,24.48,,99,,,68.72,,279,,,23.43,,95,,,97.14,,395,,,158.56,,644,,,4.67,,19,,,125.48,,510,,,1.46,,6,,,,"4,062,235"
Italy,,246.88,,14352,,,11.77,,684,,,62.8,,3651,,,18.89,,1098,,,35.48,,2063,,,29.8,,1732,,,130.88,,7609,,,139.79,,8126,,,5.74,,334,,,160.96,,9357,,,8.05,,468,,,,"58,133,509"
Latvia,,174.11,,396,,,12.49,,28,,,50.24,,114,,,21.03,,48,,,112.73,,256,,,24.86,,57,,,116.44,,265,,,47.99,,109,,,0.82,,2,,,117.3,,267,,,1.53,,3,,,,"2,274,735"
Lithuania,,295.46,,1059,,,15.01,,54,,,54.66,,196,,,29.04,,104,,,60.62,,217,,,33.09,,119,,,94.45,,339,,,49.08,,176,,,5.87,,21,,,145.56,,522,,,1.46,,5,,,,"3,585,906"
Luxembourg,,255.3,,121,,,15.58,,7,,,62.7,,30,,,18.96,,9,,,32.45,,15,,,32.15,,15,,,96.03,,46,,,200.83,,95,,,3.23,,2,,,118.05,,56,,,0.49,,0,,,,"474,413"
Malta,,190.06,,76,,,11.95,,5,,,51.3,,21,,,26.57,,11,,,29.02,,12,,,31.9,,13,,,200.88,,80,,,76.2,,30,,,9.79,,4,,,147.69,,59,,,2.03,,1,,,,"400,214"
Montenegro,,349.21,,217,,,12.04,,7,,,61.44,,38,,,16.64,,10,,,26.89,,17,,,14.06,,9,,,108.62,,68,,,136.93,,85,,,5.36,,3,,,130.29,,81,,,2.37,,1,,,,"622,471"
Netherlands,,341.47,,5631,,,14.12,,233,,,56.07,,925,,,13.11,,216,,,70.95,,1170,,,21.77,,359,,,61.6,,1016,,,176.1,,2904,,,3.8,,63,,,92.99,,1534,,,2.58,,43,,,,"16,491,461"
North Macedonia,,157.93,,324,,,5.04,,10,,,18.9,,39,,,19.73,,40,,,60.64,,124,,,6.21,,13,,,257.64,,528,,,98.32,,202,,,7.92,,16,,,130.02,,267,,,3.73,,8,,,,"2,050,554"
Norway,,261.34,,1205,,,11.58,,53,,,47.1,,217,,,20.57,,95,,,52.6,,243,,,51.35,,237,,,73.16,,337,,,140.87,,650,,,8.81,,41,,,111.58,,514,,,1.98,,9,,,,"4,610,820"
Poland,,205.39,,7915,,,6.77,,261,,,58.02,,2236,,,30.46,,1174,,,99.53,,3836,,,10.69,,412,,,125.56,,4839,,,60.17,,2319,,,2.51,,97,,,144.51,,5569,,,1.25,,48,,,,"38,536,869"
Portugal,,205.04,,2175,,,8.44,,90,,,63.04,,669,,,31.64,,336,,,62.78,,666,,,56.84,,603,,,152.78,,1620,,,125.25,,1328,,,3.83,,41,,,137.77,,1461,,,4.37,,46,,,,"10,605,870"
Republic of Moldova,,,,0,,,,,0,,,,,0,,,,,0,,,40.06,,179,,,11.58,,52,,,75.12,,336,,,55.73,,249,,,0.85,,4,,,126.72,,566,,,1.66,,7,,,,"4,466,706"
Romania,,238.33,,5316,,,14.35,,320,,,45.52,,1015,,,19.31,,431,,,97.72,,2180,,,5.96,,133,,,196.22,,4376,,,76.17,,1699,,,2.91,,65,,,170.8,,3809,,,2.5,,56,,,,"22,303,552"
Russian Federation,,163.57,,23373,,,16.02,,2289,,,44.37,,6340,,,31.31,,4474,,,101.11,,14448,,,20.07,,2868,,,113.04,,16153,,,71.65,,10238,,,3.95,,564,,,147.72,,21108,,,0.29,,41,,,,"142,893,540"
Serbia,,148.53,,21224,,,9.42,,1346,,,44.5,,6359,,,11.68,,1669,,,35.18,,5027,,,6.18,,883,,,110.17,,15743,,,109.85,,15697,,,4.21,,602,,,145.68,,20817,,,1.62,,231,,,,"142,893,540"
Slovakia,,143.14,,779,,,12.93,,70,,,43.21,,235,,,14.15,,77,,,50.79,,276,,,9.7,,53,,,62.79,,342,,,58.05,,316,,,2.33,,13,,,101.99,,555,,,1.5,,8,,,,"5,439,448"
Slovenia,,235.01,,472,,,9.87,,20,,,45.5,,91,,,24.06,,48,,,42.12,,85,,,11.96,,24,,,91.83,,185,,,117.35,,236,,,3.31,,7,,,145.57,,293,,,2.32,,5,,,,"2,010,347"
Spain,,164.29,,6637,,,13.73,,555,,,68.32,,2760,,,30.48,,1231,,,56.13,,2268,,,42.47,,1716,,,146.54,,5920,,,72.23,,2918,,,6.97,,282,,,115.99,,4686,,,8.59,,347,,,,"40,397,842"
Sweden,,341.23,,3077,,,13.5,,122,,,56.28,,507,,,16.88,,152,,,52.63,,475,,,32.81,,296,,,85.67,,772,,,125,,1127,,,3.1,,28,,,109.44,,987,,,2.01,,18,,,,"9,016,596"
Switzerland,,318.69,,2398,,,10,,75,,,49.58,,373,,,15.47,,116,,,39.25,,295,,,16.94,,127,,,92.01,,692,,,103.61,,780,,,2.4,,18,,,104.33,,785,,,4.5,,34,,,,"7,523,934"
Ukraine,,145.03,,6774,,,14.43,,674,,,24.76,,1157,,,24.56,,1147,,,138.86,,6486,,,11.67,,545,,,161.44,,7541,,,61.51,,2873,,,2.33,,109,,,154.27,,7206,,,1.69,,79,,,,"46,710,816"
UK. ,,232.2,,14073,,,11.23,,681,,,47.04,,2851,,,30.21,,1831,,,76.85,,4658,,,19.73,,1196,,,82.91,,5025,,,127.41,,7722,,,5.68,,344,,,126.77,,7683,,,1.35,,82,,,,"60,609,153"
,,,,0,,,,,0,,,,,0,,,,,0,,,,,0,,,,,0,,,,,0,,,,,0,,,,,0,,,,,0,,,,,0,,,,
Afghanistan,,59.3,,1842,,,1.5,,47,,,8.26,,257,,,1.43,,44,,,7.46,,232,,,0.25,,8,,,48.34,,1501,,,34.05,,1057,,,3.9,,121,,,177.59,,5515,,,1.18,,37,,,,"31,056,997"
Armenia,,209,,622,,,11.64,,35,,,27.53,,82,,,15.17,,45,,,47.37,,141,,,5.83,,17,,,336.18,,1001,,,110.87,,330,,,2.65,,8,,,152.31,,453,,,1.69,,5,,,,"2,976,372"
Azerbijan,,152,,1210,,,8.86,,71,,,20.91,,166,,,13.87,,110,,,72.67,,579,,,3.2,,25,,,159.61,,1271,,,74.93,,597,,,0.83,,7,,,200.63,,1597,,,3.76,,30,,,,"7,961,619"
Georgia,,149.26,,696,,,6.11,,28,,,17.48,,81,,,16.52,,77,,,47.12,,220,,,8.04,,37,,,49.77,,232,,,49.93,,233,,,1.15,,5,,,176.54,,823,,,2.38,,11,,,,"4,661,473"
Kazakhstan,,288,,4387,,,8.62,,131,,,46.59,,710,,,18.62,,284,,,109.02,,1661,,,4.5,,69,,,191.92,,2924,,,90.68,,1381,,,1.46,,22,,,105.98,,1614,,,1.68,,26,,,,"15,233,244"
Kyrgyzsran,,210.92,,1100,,,4.32,,23,,,26.93,,140,,,3.39,,18,,,94.23,,491,,,1.14,,6,,,184.35,,961,,,29.11,,152,,,3.65,,19,,,165.83,,865,,,4.1,,21,,,,"5,213,898"
Mongolia,,173.1,,490,,,4.07,,12,,,82.04,,232,,,2.95,,8,,,44.55,,126,,,0.48,,1,,,47.31,,134,,,30.11,,85,,,0.64,,2,,,125.51,,355,,,0.67,,2,,,,"2,832,224"
Tajikistan,,56.7,,415,,,2.44,,18,,,10.6,,78,,,3.25,,24,,,34.25,,251,,,0.37,,3,,,208.83,,1529,,,33.21,,243,,,3.64,,27,,,141.24,,1034,,,0.61,,4,,,,"7,320,815"
Uzbekistan,,130.8,,3572,,,6.59,,180,,,34.1,,931,,,2.06,,56,,,71.34,,1948,,,2.25,,61,,,274.15,,7486,,,91.17,,2490,,,0.04,,1,,,196.31,,5361,,,1.56,,43,,,,"27,307,134"
Turkey,,175.9,,12386,,,7.43,,523,,,18.62,,1311,,,20.84,,1467,,,46.82,,3297,,,4.85,,342,,,254.11,,17893,,,127.17,,8955,,,15.09,,1063,,,207.89,,14638,,,6.84,,482,,,,"70,413,958"
Turkmenistan,,137,,691,,,7.07,,36,,,49.51,,250,,,4.66,,24,,,94.44,,476,,,2.94,,15,,,143.09,,722,,,56.1,,283,,,0,,0,,,207.85,,1048,,,0.37,,2,,,,"5,042,920"
,,,,,,,,,,,,,,,,,,,,,,,,,,,,,,,,,,,,,,,,,,,,,,,,,,,,,,,,,,
N.America,1504,441.77,2.64%,82020,16.63%,,28.59,2.77%,4773,7.18%,,117.8,2.87%,21545,11.52%,,97.12,3.88%,18244,17.70%,,134.25,1.30%,19282,5.06%,,44.81,1.87%,7416,5.64%,,214.99,1.57%,37211,3.96%,,172.28,1.45%,26070,5.23%,,24.72,1.95%,3087,4.56%,,221.11,1.04%,36727,3.42%,,6.89,2.50%,1279,8.80%,,,"331,543,147"
average kg/y for region,,220.89,,,,,,,,,,,,,,,,,,,,,,,,,,,,,,,,,,,,,,,,,,,,,,,,,,,,,,,,
% of all foods,,29.37%,,,,,1.90%,,,,,7.83%,,,,,6.46%,,,,,8.92%,,,,,2.98%,,,,,14.29%,,,,,11.45%,,,,,1.64%,,,,,14.70%,,,,,0.46%,,,,,,
Canada,,187.77,,6215,,,14.17,,469,,,51.3,,1698,,,40.48,,1340,,,78.33,,2593,,,22.45,,743,,,101.57,,3362,,,95.52,,3162,,,16.17,,535,,,110.28,,3650,,,2.93,,97,,,,"33,098,932"
USA,,254,,75805,,,14.42,,4304,,,66.5,,19847,,,56.64,,16904,,,55.92,,16689,,,22.36,,6673,,,113.42,,33850,,,76.76,,22909,,,8.55,,2552,,,110.83,,33077,,,3.96,,1182,,,,"298,444,215"
,,,,,,,,,,,,,,,,,,,,,,,,,,,,,,,,,,,,,,,,,,,,,,,,,,,,,,,,,,
East Asia & Pacific,7839,482.9,2.88%,15301,3.10%,,142.79,13.82%,36784,55.34%,,471.12,11.48%,81793,43.75%,,249.11,9.95%,30050,29.15%,,738.06,7.12%,121307,31.86%,,534.6,22.28%,82330,62.66%,,1583.9,11.56%,561624,59.77%,,934.71,7.85%,176127,35.33%,,121.61,9.58%,21600,31.93%,,2537.56,11.88%,424047,39.50%,,42.95,15.59%,6041,41.57%,,,"2,113,393,271"
average kg/y for region,,34.49,,,,,,,,,,,,,,,,,,,,,,,,,,,,,,,,,,,,,,,,,,,,,,,,,,,,,,,,
% of all foods,,6.16%,,,,,1.82%,,,,,6.01%,,,,,3.18%,,,,,9.41%,,,,,6.82%,,,,,20.20%,,,,,11.92%,,,,,1.55%,,,,,32.37%,,,,,0.55%,,,,,,
Australia,,234.49,,4752,,,8.03,,163,,,64.36,,1304,,,48.66,,986,,,48.81,,989,,,25.87,,524,,,107.15,,2171,,,77.7,,1575,,,4.65,,94,,,95.69,,1939,,,4.81,,97,,,,"20,264,082"
Brunei,,18.3,,7,,,16.16,,6,,,,,0,,,0,,0,,,29.28,,11,,,46.7,,18,,,90.25,,34,,,76.51,,29,,,0,,0,,,0,,0,,,0,,0,,,,"379,444"
Cambodia,,3.7,,51,,,1.32,,18,,,9.69,,135,,,2.46,,34,,,29.28,,406,,,42.69,,593,,,30.3,,421,,,26.25,,364,,,11.2,,155,,,254.22,,3529,,,0.2,,3,,,,"13,881,427"
China,,2.4,,3154,,,22.72,,29853,,,48.06,,63150,,,13.72,,18028,,,64.49,,84738,,,38.17,,50154,,,377.17,,495591,,,93.92,,123408,,,10.94,,14375,,,194.59,,255686,,,2.51,,3298,,,,"1,313,973,713"
Indonesia,,3.5,,859,,,5.57,,1367,,,4.51,,1107,,,7.92,,1944,,,69.05,,16949,,,44.67,,10964,,,43.73,,10734,,,58.38,,14330,,,7.97,,1956,,,259.45,,63683,,,0.61,,150,,,,"245,452,739"
Japan,,24.9,,3174,,,19.64,,2503,,,31.29,,3988,,,18.78,,2394,,,69.05,,8801,,,45.49,,5798,,,91.1,,11612,,,52.85,,6736,,,10.32,,1315,,,139.66,,17802,,,0.95,,121,,,,"127,463,611"
Malaysia,,29.8,,727,,,17.88,,436,,,14.75,,360,,,39.04,,952,,,18.5,,451,,,57.62,,1405,,,66.45,,1620,,,45.29,,1104,,,4.48,,109,,,175.12,,4270,,,0.95,,23,,,,"24,385,858"
Myanmar,,10.2,,483,,,5.4,,256,,,18.88,,895,,,29.1,,1379,,,13.62,,645,,,47.32,,2242,,,82.79,,3923,,,39.32,,1863,,,17.67,,837,,,213.13,,10099,,,1.62,,77,,,,"47,382,633"
New Zealand,,137.25,,559,,,10.42,,42,,,64.27,,262,,,25.51,,104,,,49.85,,203,,,24.73,,101,,,98.63,,402,,,63.34,,258,,,7.24,,30,,,112.78,,460,,,2.23,,9,,,,"4,076,140"
North Korea,,0.2,,5,,,4.6,,106,,,11.75,,272,,,1.67,,39,,,61.28,,1416,,,11.4,,263,,,126.22,,2917,,,57.41,,1327,,,13.33,,308,,,176.96,,4090,,,0.6,,14,,,,"23,113,019"
Papua New Guinea,,,,0,,,,,0,,,60.3,,342,,,3.36,,19,,,200.83,,1139,,,0,,0,,,,,0,,,0,,0,,,0.66,,4,,,69.45,,394,,,0.62,,4,,,,"5,670,544"
Phillipines,,13.2,,1181,,,4.05,,362,,,24.21,,2166,,,12.83,,1148,,,17.18,,1537,,,28.14,,2518,,,62.56,,5597,,,105.7,,9457,,,2.13,,191,,,229.95,,20573,,,1.68,,150,,,,"89,468,677"
South Korea,,0.56,,27,,,10.25,,501,,,54.16,,2646,,,16.91,,826,,,40.06,,1957,,,54.97,,2685,,,197.13,,9629,,,66.86,,3266,,,8.05,,393,,,187.62,,9165,,,2.74,,134,,,,"48,846,823"
Thailand,,2.5,,162,,,12.36,,799,,,15.62,,1010,,,13.26,,857,,,9.97,,644,,,29.17,,1885,,,39.89,,2578,,,103.12,,6665,,,5.41,,350,,,194.5,,12571,,,0.8,,52,,,,"64,631,595"
Vietnam,,1.9,,160,,,4.39,,371,,,49.27,,4159,,,15.89,,1341,,,16.81,,1419,,,37.66,,3179,,,170.53,,14393,,,68.06,,5744,,,17.56,,1482,,,234.44,,19787,,,22.63,,1910,,,,"84,402,966"
,,,,,,,,,,,,,,,,,,,,,,,,,,,,,,,,,,,,,,,,,,,,,,,,,,,,,,,,,,
Latin America & Caribbean,10804,2204.6,13.15%,73397,14.88%,,178.8,17.30%,6087,9.16%,,552.11,13.45%,22174,11.86%,,557.84,22.27%,19891,19.29%,,911.31,8.79%,26532,6.97%,,218.32,9.10%,6204,4.72%,,1295.75,9.46%,33308,3.54%,,1755.98,14.74%,56182,11.27%,,196.13,15.46%,5999,8.87%,,2915.96,13.66%,81811,7.62%,,17.29,6.28%,459,3.16%,,,"581,130,580"
average kg/y for region,,110.23,,,,,,,,,,,,,,,,,,,,,,,,,,,,,,,,,,,,,,,,,,,,,,,,,,,,,,,,
% of all foods,,20.41%,,,,,1.65%,,,,,5.11%,,,,,5.16%,,,,,8.43%,,,,,2.02%,,,,,11.99%,,,,,16.25%,,,,,1.82%,,,,,26.99%,,,,,0.16%,,,,,,
Argentina,,195.08,,7788,,,15.5,,619,,,72.27,,2885,,,44.25,,1767,,,47.37,,1891,,,10.31,,412,,,67.57,,2698,,,96.61,,3857,,,2.4,,96,,,127.74,,5100,,,0.4,,16,,,,"39,921,833"
Belize,,80.3,,23,,,4.62,,1,,,23.45,,7,,,25.78,,7,,,13.47,,4,,,9.09,,3,,,56.2,,16,,,97.98,,28,,,16.23,,5,,,124.63,,36,,,0.65,,0,,,,"287,730"
Bolivia ,,46.04,,414,,,7.38,,66,,,37.65,,338,,,42.59,,383,,,80.26,,721,,,2.57,,23,,,35.89,,323,,,69.41,,624,,,4.76,,43,,,131.35,,1181,,,7.54,,68,,,,"8,989,046"
Brazil,,149.28,,28076,,,7.77,,1461,,,52.26,,9829,,,47.05,,8849,,,49.04,,9223,,,9.09,,1710,,,50.96,,9584,,,93.19,,17527,,,13.58,,2554,,,134.28,,25255,,,0.7,,132,,,,"188,078,227"
Chile,,116.11,,1873,,,10.49,,169,,,50.67,,818,,,40.85,,659,,,58.54,,944,,,11.78,,190,,,112.09,,1808,,,63.92,,1031,,,4.97,,80,,,143.27,,2312,,,1.17,,19,,,,"16,134,219"
Colombia,,108.47,,4729,,,12.79,,558,,,26.79,,1168,,,34.61,,1509,,,77.46,,3377,,,7.16,,312,,,48.73,,2124,,,145.53,,6344,,,7.89,,344,,,136.7,,5959,,,1.27,,55,,,,"43,593,035"
Costa Rica,,183.28,,747,,,10.51,,43,,,25.2,,103,,,26.97,,110,,,23.15,,94,,,18.46,,75,,,41.36,,169,,,133.39,,544,,,14.41,,59,,,122.73,,500,,,0.56,,2,,,,"4,075,261"
Ecuador,,139.6,,1891,,,7.78,,105,,,27.52,,373,,,20.49,,278,,,20.8,,282,,,7.77,,105,,,28.16,,381,,,102.49,,1388,,,3.74,,51,,,167.49,,2269,,,0.21,,3,,,,"13,547,510"
El Salvador,,124.34,,848,,,8.73,,60,,,11.01,,75,,,24.05,,164,,,25.17,,172,,,6.64,,45,,,84.25,,575,,,53.72,,366,,,18.4,,126,,,138.16,,943,,,0.15,,1,,,,"6,822,378"
Guatemala,,46.6,,573,,,13.49,,166,,,16.42,,202,,,18.45,,227,,,11.86,,146,,,2.58,,32,,,53.31,,655,,,59.99,,737,,,16.37,,201,,,139.86,,1719,,,1.31,,16,,,,"12,293,545"
Guyana,,141.68,,109,,,1.86,,1,,,6.91,,5,,,38.68,,30,,,33.41,,26,,,30.48,,23,,,272.46,,209,,,56.7,,44,,,9.75,,7,,,176.15,,135,,,0.74,,1,,,,"767,245"
Honduras,,91.33,,669,,,4.34,,32,,,11.57,,85,,,23.2,,170,,,7.33,,54,,,3.15,,23,,,25.09,,184,,,86.41,,633,,,12.68,,93,,,133.22,,976,,,0.27,,2,,,,"7,326,496"
Mexico,,111.87,,12020,,,19.31,,2075,,,34.8,,3739,,,34.46,,3703,,,17.08,,1835,,,14.38,,1545,,,75.52,,8115,,,107.44,,11544,,,13.2,,1418,,,157.44,,16917,,,1.24,,133,,,,"107,449,525"
Nicaragua,,85.16,,474,,,5.45,,30,,,7.24,,40,,,20.47,,114,,,18.76,,104,,,6.51,,36,,,35.55,,198,,,39.08,,218,,,15.82,,88,,,165.46,,922,,,0.03,,0,,,,"5,570,129"
Panama,,70.29,,224,,,6.01,,19,,,31.18,,100,,,33.92,,108,,,17.06,,54,,,13.12,,42,,,25.43,,81,,,89.46,,285,,,7.9,,25,,,187.22,,597,,,0.47,,1,,,,"3,191,319"
Paraguay,,75.72,,493,,,12.08,,79,,,30.92,,201,,,9.97,,65,,,171.53,,1116,,,4.17,,27,,,49.62,,323,,,73.04,,475,,,9.87,,64,,,111.15,,723,,,0.04,,0,,,,"6,506,464"
Peru,,62.15,,1759,,,8.95,,253,,,11,,311,,,13.59,,385,,,131.68,,3727,,,25.04,,709,,,66.86,,1892,,,118.21,,3346,,,10.6,,300,,,160.52,,4543,,,0.31,,9,,,,"28,302,603"
Suriname,,48.97,,22,,,6.29,,3,,,10.71,,5,,,33.46,,15,,,29.12,,13,,,16.69,,7,,,62.47,,27,,,116.46,,51,,,4.41,,2,,,165.69,,73,,,0,,0,,,,"439,117"
Uruguay,,210.54,,723,,,11.83,,41,,,43.93,,151,,,9.39,,32,,,47.6,,163,,,9.23,,32,,,59.93,,206,,,71.27,,245,,,4.07,,14,,,161.42,,554,,,0.23,,1,,,,"3,431,932"
Venezuela,,117.79,,9942,,,3.62,,306,,,20.61,,1740,,,15.61,,1318,,,30.62,,2584,,,10.1,,852,,,44.3,,3739,,,81.68,,6894,,,5.08,,429,,,131.48,,11097,,,0,,0,,,,"84,402,966"